sid	text:de	spoken
briefings.12 cities	Die Menschen, die nicht von der Plage betroffen sind, leben in fünf unabhängigen Megastädten: der Dünenstadt in der Sahaar-Wüste; Saling im ehemaligen China; Varun im Indischen Ozean; Jurra in der sibirischen Taiga; sowie Fort Frost in den Eisfeldern Nordamerikas.<nl><nl>Die Megastädte sind gigantische Türme, die durch xenolitgespeiste Energieschilde vor der Plage geschützt werden. In regelmäßigen Abständen wagen die Menschen kleine Expeditionen in die Wildnis, um Xenolit und andere Rohstoffe zu beschaffen. Dabei kommt es immer wieder zu Kämpfen mit den Mutantenstämmen.	no
briefings.12 denkar	Denkar ni’Varra ist der Sohn des früheren Regenten von Saling, Onkar ni’Varra. Als einer der Lord Commanders von Saling war Denkar verantwortlich für die Sicherheit der Forschungsexpeditionen seines Vaters.<nl><nl>Nach einer verhängnisvollen Expedition kehrte Denkar als einziger Überlebender und somit als rechtmäßiger neuer Regent nach Saling zurück – doch er konnte niemandem mehr in die Augen blicken. Niemand wagte es, ihn öffentlich zu beschuldigen, doch der allgegenwärtige stumme Verdacht des Vatermordes lastete schwer auf ihm.<nl><nl>Sein strenger militärischer Ehrenkodex führte Denkar zum Schluss, dass sein Versagen und die Verdächtigungen es ihm unmöglich machten, die Stadt zu regieren. Er überließ seiner Schwester Arna die Regentenwürde und begab sich freiwillig ins Exil.	no
briefings.12 onkar	Onkar ni’Varra war Regent der Stadt Saling. Verglichen mit vielen seiner Vorgänger war er ein aufgeklärter Herrscher. Er interessierte sich sehr für die Vergangenheit und die Lehre von den Mutanten, und häufig nahm er persönlich teil an Forschungsexpeditionen.<nl><nl>Als er im Grenzland zwischen den Herrschaftsbereichen von Saling und Varun alte Ruinen erkundete, wurde Onkar von Varun-Truppen umgebracht. Sein Sohn Denkar war der einzige Überlebende dieser Expedition.	no
briefings.12 saling	Saling ist eine der fünf Megastädte der Menschen und liegt im ehemaligen China. Die Plage hat das umliegende Land in ein versengtes Ödland verwandelt.<nl><nl>In der Kultur von Saling nimmt die Ehre einen wichtigen Platz ein, sowohl im militärischen System als auch im zivilen Leben.<nl><nl>Der Adelsstand der Stadt versieht seine Familiennamen mit dem Zusatz „ni“. Gegenwärtig stellt die Familie ni’Varra den Regenten von Saling.	no
briefings.12 tamani	Tamani ist eine Mutantensiedlung, die mit einigen anderen Dörfern an einer großen Oase in der Sahaar-Wüste liegt.<nl><nl>Denkar allein weiß, wie er es geschafft hat, mehrere Jahre in der Wildnis zu überleben, und an welche Orte das Schicksal ihn führte, ehe er sich schließlich in Tamani niederließ und sogar Gefallen an einer Mutantin fand.<nl><nl>Seine regelmäßigen Expeditionen in die Wüste waren der Grund für Denkars Abwesenheit, als Soldaten der Dünenstadt Tamani angriffen.	no
briefings.12	Als Denkar den Tod Onkars nicht zu verhindern vermocht hatte, verdächtigte man ihn des Vatermordes. Denkar wusste, dass er so nicht regieren konnte. Er überliess das Amt seiner Schwester Arna und verliess Saling. <nl><nl>Jahre später erreichte Denkar eine Oase in der Sahaar Wüste und nutzte das Dorf Tamani als Ausgangspunkt für Erkundungsreisen in die Umgebung. Als er von einer dieser Expeditionen zurückkehrt, muss Denkar feststellen, dass Tamani von Dünenstadt-Truppen angegriffen wird. Der Feind versperrt den Zugang zum Dorf. Daher muss Denkar Hilfe suchen und sich durchkämpfen.	yes
briefings.13 eji	Eji ist eine Mutantin, die im Dorf Wakono lebt. Niemand weiß, wer ihre Eltern sind. Ganthu fand das Kind im Dschungel und war erstaunt, dass sie es geschafft hatte, alleine unter all den Kreaturen der Plage zu überleben. Mit der Zeit wurde klar, dass Eji über ungewöhnlich starke Psi-Fähigkeiten verfügt. Sie hat die Gabe, zu heilen und sich in andere Wesen hineinzuversetzen. Ganthu nahm sie in seine Obhut und kam nach und nach zum Schluss, dass sie die Erlöserin sein muss, von der in einer alten Prophezeiung die Rede ist.	no
briefings.13 ganthu	Ganthu ist der Hohepriester des Dorfes Wakono. Er ist ein Meister der Mutanten-Magie. Sein besonderes Interesse gilt dem Wissen über die Vergangenheit der Welt, das er ständig zu mehren sucht. Manche Mitglieder des Wakono-Stammes halten seine Reisen und Bemühungen, die Inschriften alter Ruinen zu entziffern, für bloße Zeitverschwendung. Ihnen wäre es lieber, wenn er sich mehr den alltäglichen Problemen des Stammes widmete.	no
briefings.13 ragho	Ragho ist einer der Wakono-Schamanen. Er verfügt über beachtliche Fähigkeiten im Umgang mit Magie, ist jedoch hitzköpfig und sehr von sich selbst überzeugt. Immer wieder ist er durch lautstarke Vorwürfe gegen Ganthu aufgefallen und hat unzählige Streitgespräche mit dem Hohepriester geführt. Immer wieder hat er die Meinung vertreten, dass er ein besserer Anführer wäre als Ganthu.	no
briefings.13	Als er die Dünenstadt-Truppen aus Tamani vertrieben hatte, eilte Denkar mit einigen Tamani-Kriegern zum Nachbardorf Wakono, um es vor dem Angriff zu warnen. Doch als er aus Tamani aufbrach, wurden die xenolitreichen Randgebiete Wakonos bereits attackiert.<nl><nl>Wakonos Hohepriester Ganthu muss die Verteidiger seines Dorfes unterstützen. Doch Ragho hat zahlreiche Soldaten auf eine angebliche „Erkundungsmission“ gesandt. Ganthu muss seine Schülerin Eji beschützen. Für Ganthu ist ihr Wohlergehen von größter Bedeutung, denn er hält sie für die Erlöserin aus einer alten Prophezeiung.	yes
briefings.14 allies	Ganthu und Denkar waren gleichermaßen überrascht, als sie einander begegneten: ein Lord Commander der Menschen, der in einem Mutantendorf lebte und auf Seiten der Stämme kämpfte, und ein Hohepriester, der vor Kurzem die Position als Anführer und Mitglied seines Stammes aufgegeben hatte. Doch das Gespräch, das folgte, hatte ein noch erstaunlicheres Ergebnis.<nl><nl>Ganthu war fasziniert davon, dass Denkars Vater die alten Legenden erforscht hatte und dass auch Denkar selbst Interesse an diesem Thema zeigte. Vielleicht hatte Denkar auf seinen Reisen an Einsicht gewonnen, oder er hatte Sehnsucht nach seiner Heimat und seiner Schwester ... vielleicht gab auch Ejis spiritistischer Einfluss den Ausschlag: Denkar beschloss, gemeinsam mit Ganthu der Erlöserin dabei zu helfen, ihr Schicksal zu erfüllen. Der erste Schritt sollte darin bestehen, zu Onkars Bibliothek nach Saling zu reisen, um nach Hinweisen auf die Erlöser-Prophezeiung zu suchen.	no
briefings.14 ming_base	Offenbar unterhält ein Lord Commander der Dünenstadt unweit der Oase ein Bergbau-Projekt. Sein Stützpunkt ist für die Überfälle auf die Stammessiedlungen verantwortlich. Es ist äußerst ungewöhnlich, dass Bergbautrupps der Menschen Anlagen dieser Größenordnung errichten, geschweige denn über längere Zeit betreiben.<nl><nl>Die Kundschafter der Stämme haben im Bergbau-Lager einen Personenfrachter entdeckt, der rund um die Uhr startbereit ist. Denkar, Ganthu und Eji können ihn entwenden, um nach Saling zu fliegen.	no
briefings.14	Denkar und seine Krieger begegneten Ganthu und Eji außerhalb von Wakono und erfuhren, dass sie zu spät kamen. Sie beschlossen nach reiflicher Überlegung, gemeinsam nach Saling zu reisen, um in Onkars Archiv zu forschen.<nl>Doch die Tamani-Krieger drängten auf Vergeltung für den Angriff der Dünenstadt. Die Arbeit der Aufklärungstruppen ergab, dass beide Ziele zusammen umgesetzt werden konnten.<nl><nl>Ihr Plan ist simpel:<nl>Dringen Sie mit einer handvoll Stammeskrieger in den Dünenstadt- Wüstenstützpunkt ein, strafen Sie den Lord Commander für den Angriff auf die Dörfer, stehlen Sie ein Schiff und erreichen Sie Saling.	yes
briefings.15	Man sollte sich Saling nie in einem Dünenstadt-Schiff nähern. Und so stand Denkar, der die Verteidigungsanlagen kannte, vor einer schweren Entscheidung:<nl>Sollte er riskieren, von seinen eigenen Leuten abgeschossen zu werden, oder zu Fuß die Lavafelder um Saling durchqueren? Schließlich fällte er den Entschluss, das Schiff unweit der Stadt zu landen. Er muss nun die Lavafelder bewältigen, um den nächsten Saling-Außenposten zu erreichen.	yes
briefings.16 mutants	Mutanten werden in den Menschenstädten nicht geduldet; das betrifft sogar menschliche Neugeborene mit Mutationen. Die Mutanten der Stämme dürfen sich zwar nähern und auch ins Innere des Schutzschilds kommen, doch der Zutritt zum Turm der Stadt bleibt ihnen verwehrt.<nl><nl>Als Mitglied der Herrscherfamilie hätte Denkar seine Gefährten vielleicht einschleusen können, doch da er in der Stadt selbst nicht willkommen ist, muss er Ganthu und Eji unbemerkt in die Stadt bringen.	no
briefings.16	Denkar drängte es immer mehr, in die Stadt zu gelangen und Arna, seine Schwester, zu sprechen.<nl>Im Wissen, dass Joss ni'Marten, ein alter politischer Feind der ni'Varras, ihn zur unerwünschten Person erklärt hatte, sorgte sich Denkar, dass seine Schwester die Kontrolle über Saling verloren haben könnte.<nl><nl>Denkar, Ganthu und Eji müssen in Saling eindringen, um Denkars Schwester Arna zu treffen. Da Mutanten den Stadtturm nicht betreten dürfen, will Denkar die Wachen ablenken und sich Zutritt zu einem verborgenen Dienstboteneingang in den Felsen bei der Stadt verschaffen.	yes
briefings.21 aliens	Während Denkar, Ganthu und Eji mit dem Ordensrat sprachen, griffen unbekannte Truppen zeitgleich mehrere Anlagen am Rand von Aurora an. Die Angreifer waren nicht menschlich und sahen weder aus wie gewöhnliche Mutanten, noch schienen sie Kreaturen der Plage zu sein. Manche waren von menschenähnlicher Gestalt; sie schienen die anderen anzuführen. Unter den normalen Truppen gab es offenbar verschiedene Spezies – halb Maschine, halb Lebewesen.<nl><nl>Vom Rat erfuhr Denkar, dass man bei einigen Expeditionen auf vergleichbare Wesen gestoßen sei, deren Herkunft und Absichten jedoch nach wie unklar seinen.	no
briefings.21 arna	Denkars Schwester, Arna ni’Varra, wurde Regentin von Saling, als ihr Bruder die Stadt verließ. Bald darauf jedoch gelang es der rivalisierenden Familie ni’Marten, die Macht ohne Aufsehen an sich zu reißen. Mithilfe von Bestechung, Erpressung und einer Reihe gut geplanter “Unfälle” zogen die ni'Martens Arnas treue Wachen, Berater und Assistenten aus dem Verkehr. Arna wollte sich wehren, doch sie war auf sich allein gestellt. Sie wurde zu einer Marionette der ni’Martens. Als sie sich weigerte, mit ihnen zusammenzuarbeiten, sperrte man sie zu Hause ein und machte sie mit Medikamenten gefügig. Nur zu offiziellen Anlässen trat sie vor die Kameras.<nl><nl>Aus diesem Grund konnte Arna nicht helfen, als Denkar eingesperrt wurde; im Gegenteil: Sie selbst war auf Hilfe angewiesen.	no
briefings.21 aurora	Aurora war eine neue Megastadt, die unter der Federführung des Ordens heimlich von Menschen und Mutanten gemeinsam errichtet wurde. Sie lag auf dem Kontinent „Neue Hoffnung“. Die Stadt war noch nicht fertiggestellt, aber bereits bewohnt. Neben dem von den anderen Megastädten bekannten Schild, der vor der Plage schützen sollte, besaß Aurora einen weiteren Schild, der die Stadt vor neugierigen Blicken verbergen sollte. Da den Mutanten das Leben in einem riesigen Betonturm nicht behagte, hatten sie Siedlungen in der Umgebung der Stadt errichtet.<nl><nl>Nachdem sie sie aus dem Regentenpalast in Saling geschleust hatte, brachte Kuna Denkar, Arna, Ganthu und Eji nach Aurora.	no
briefings.21 denkar	Der Orden hatte die militärische Laufbahn von Denkar ni’Varra in Saling aufmerksam verfolgt, daher wussten die Ratsmitglieder, dass er ein fähiger Befehlshaber war. Als der Angriff der Außerirdischen begann, ernannte man ihn umgehend zum Lord Commander von Aurora und entsandte ihn, eine Forschungseinrichtung am Stadtrand zu verteidigen. Denkar war noch immer verwirrt, konnte sich keinen Reim auf seine wundersame Rettung aus Saling machen und musste nun einem unbekannten Feind die Stirn bieten.	no
briefings.21 kuna	Vollstreckerin Kuna ni’Dahl ist geheimes Mitglied einer Organisation namens „der Orden“. Nachdem sie dem Orden von den Umständen von Denkars Verhaftung berichtet hatte, trug man ihr auf, ihn mit seiner Schwester und den Mutanten in die geheime Stadt Aurora in Sicherheit zu bringen. Kuna setzte die Wächter außer Gefecht und verwendete ein spezielles technomagisches Gerät, um sich und die Gefangenen nach Aurora zu teleportieren.	no
briefings.21 order	Der Orden ist eine Geheimorganisation, die in allen fünf Menschenstädten tätig ist. Seine Mitglieder sind überzeugt, dass die Zukunft von Menschen und Mutanten davon abhängt, dass beide Lager miteinander leben und zusammenarbeiten. Der Orden wählt seine Mitglieder sorgsam und unter größter Geheimhaltung. Nur gleichgesinnte Individuen kommen für die Ratsmitglieder in Frage. Der Orden bietet auch Menschen mit verborgenen Mutationen Zuflucht. etwa jenen mit spiritistischen Fähigkeiten, die bei der Geburt nicht entdeckt wurden. Solche Fähigkeiten betrachtet der Orden als Ergebnis der Evolution statt als Bedrohung.<nl><nl>Die ersten Früchte gemeinsamen Schaffens von Mensch und Mutant sind bereits greifbar: Neue Technologien wurden entwickelt, die herkömmliche Technik mit Magie verbinden, und auf dem Kontinent „Neue Hoffnung“ wird eine ganze Stadt neu errichtet.	no
briefings.21	Denkar, Ganthu und Eji gelangten zur Spitze des Stadtturms – doch sie wurden entdeckt. Im Eingangsbereich von Arnas Haus trafen sie auf Soldaten und Joss ni’Marten, der Arna mit der Waffe bedrohte. Denkar war gezwungen, sich zu ergeben.<nl><nl>Joss ni’Marten sperrte Arna und die Gefangenen in Arnas Haus. Die Lage schien aussichtslos, doch nur kurze Zeit: Vollstreckerin Kuna ni’Dahl war mit dem Wachdienst betraut. Sie überwältigte die Wärter und teleportierte sich und die Gefangenen mit einem seltsamen Gerät nach Aurora ins Hauptquartier des Ordens.<nl><nl>Als Denkar und seine Gefährten den hochrangigen Vertretern der Stadt vorgestellt wurden, griffen Unbekannte Aurora an. Der Ordensrat befahl Denkar, den Verteidigern zu helfen.	yes
briefings.22 diary	Das Tagebuch von Onkar ni’Varra enthält Aufzeichnungen, die er im Rahmen seiner archäologischen Expeditionen gesammelt hat. Dazu zählen Legenden von Menschen und Mutanten sowie andere Erkenntnisse über die frühe Vorzeit. Zusammen mit dem Wissen des Ordens könnte das Tagebuch Hinweise geben auf die Lage der „vergessenen Stadt“. Doch das Tagebuch liegt irgendwo an jener Stelle im Urwald, an der Onkar von Varun-Truppen angegriffen wurde.	no
briefings.22 lost_city	Die vergessene Stadt der Menschen ist ein uralter Mythos. Nur wenige kennen ihn, kaum jemand glaubt an ihn, und niemand weiß, wo die Stadt sein soll. Der Sage nach erbauten Menschen und Mutanten die Stadt, die viele Jahre gedieh, bis sie eines Tages einfach verschwand.<nl><nl>Der Orden scheint dieser Legende Glauben zu schenken, und der Rat ist davon überzeugt, dass die vergessene Stadt ein Geheimnis birgt, das die Zukunft von Menschen und Mutanten ändern kann: eine Waffe gegen die Plage.	no
briefings.22 meeting	Die Ratsmitglieder verrieten Denkar und seinen Gefährten, dass der Orden nach der sagenhaften verlassenen Stadt der Menschen suchte, die die Vorgängerin der heutigen fünf Megastädte war. Den Legenden und kargen archäologischen Funden zufolge wurde sie vor Jahrhunderten von den Urvätern von Menschen und Mutanten erbaut und birgt Wissen, das die Zukunft beider Völker zu ändern vermag.<nl><nl>Denkar und Arna beschlossen, das Werk ihres Vaters zu vollenden und dem Orden nach Kräften zu helfen. Auch Ganthu sah eine Verbindung zwischen der vergessenen Stadt und der Erlöser-Prophezeiung. So bot auch er seine Hilfe an – sehr zur Freude Ejis, für die die Angelegenheit ein großes Abenteuer war.	no
briefings.22	Während Denkar den Angriff der Aliens abwehrte, setzte Eji in der Stadt ihre Heilkünste ein, um Arna von der Wirkung von ni’Martens Medikamenten zu befreien.<nl><nl>Später wurden die Geschwister ni’Varra, Ganthu und Eji wieder vor den Rat bestellt. Sie erfuhren, dass der Orden die sagenhafte vergessene Stadt suchte. Denkar und Arna beschlossen, dem Rat zu helfen. Auch Ganthu, der glaubte, dass diese Angelegenheit mit dem Schicksal der Erlöserin verbunden war, schloss sich ihnen an.<nl><nl>Das Archiv der Familie ni’Varra ist ihnen versperrt. Onkars Forschungsergebnisse können sie nur erlangen, wenn sie sein Tagebuch finden, das er bis zum Tod bei sich trug – eine Aufgabe, der Denkar mit gemischten Gefühlen begegnet.	yes
briefings.23 diary	Denkar konnte das Tagebuch seines Vaters bergen, musste jedoch feststellen, dass es verschlüsselt war. Glücklicherweise stellte sich heraus, dass Arna im Besitz des Codes war, da sie Onkar gelegentlich bei seinen Analysen geholfen hatte. Doch auch in entschlüsselter Form warfen die zahllosen Datenfragmente und Kopien von Inschriften viele Fragen auf.<nl><nl>Nachdem sie Onkars Daten mit den Erkenntnissen aus dem Ordensarchiv verglichen hatten, beschlossen sie, in Inca weiter zu suchen. Dort sollte es zur Blütezeit der vergessenen Stadt einen Außenposten der Menschen gegeben haben.	no
briefings.23	Onkars Tagebuch und dem Ordensarchiv zufolge hatte es in Inca einen Außenposten der vergessenen Stadt gegeben.<nl><nl>Denkar fliegt mit einer Einheit des Ordens und einem kleinen Forschungsteam dort hin. Doch wie erwartet stoßen sie auf Hindernisse: Einige Minuten vor ihrer Ankunft melden die Sensoren des Schiffs ungewöhnliche Bewegungen und hohe Energiesignaturen – der Zielort ist keineswegs unbewohnt.	yes
briefings.24	Unterwegs besuchten Denkar und seine Gefährten zahlreiche Orte und fanden viele vereinzelte Dinge heraus, darunter den Namen der vergessenen Stadt: Esperanza. Ihre genaue Lage jedoch blieb im Dunkeln.<nl><nl>Die jüngsten Hinweise haben die Gruppe inzwischen ins kalte Ödland Amerikas geführt, wo einst ein großer Außenposten Esperanzas war. Wenn die vorliegenden Informationen stimmen, muss sich dort ein gut erhaltener unterirdischer Komplex befinden.	yes
briefings.25 final_clue	Im Tunnelsystem des alten Außenpostens wussten Denkar und seine Gefährten bald nicht mehr weiter: Eine große Kreuzung mit eingestürzten Zugängen schien wie eine Sackgasse. Die Wand zierte ein riesiges Relief einer Weltkarte, das unter seiner Staubschicht noch immer golden glänzte. Die Stützpunkte und Außenposten lagen verstreut über alle Kontinente, und sie alle waren mit einem einzelnen goldenen Knotenpunkt wie durch Sonnenstrahlen verbunden. Auch ohne Inschrift war seine Bedeutung offensichtlich. Er war das Herz der Gesellschaft, deren Künstler diese Karte erschaffen hatten: Esperanza!	no
briefings.25	Den alten Aufzeichnungen zufolge hatten Viele versucht, Esperanza nach dem Fall zu finden, doch Niemandem gelang dies. Viele verloren gar ihr Leben. Im Lauf der Jahrhunderte geriet die Stadt in Vergessenheit und wurde zur Legende. Der Rat hat entschieden, vorsichtig vorzugehen und nur einen kleinen Trupp ins neu entdeckte Esperanza zu entsenden.<nl><nl>Denkars Gruppe muss sich einen Weg durch die Randgebiete der alten Stadt bahnen und die Überreste des Hauptturms betreten.	yes
briefings.26	Denkar und seinen Gefährten gelang es, Esperanza zu betreten und ihre Alien-Verfolger vorerst abzuhängen. Eji spürte noch immer das wachsende telepathische Signal, mit dessen Hilfe sie der Gruppe den Weg wies.<nl><nl>Noch immer ist unklar, was die Aliens bei Esperanza suchen; doch ihre Absichten scheinen böse. Denkar, Ganthu und Eji müssen ihren Weg durch die alte Stadt finden und die Quelle des Signals erreichen.	yes
briefings.31 aliens	Die Jaar Lash sind ein mächtiges Alien-Volk, das zahlreiche Sternensysteme besiedelt und ihre Bevölkerung unterjocht hat. Die Untertanen wurden in eine Cyborg-Armee von Arbeitern, Knechten und Soldaten gezwungen.<nl><nl>Seit langer Zeit führten die Jaar Lash einen Krieg gegen einen überlegenen Feind, dem sie zu unterliegen fürchteten.<nl><nl>Im Laufe dieses Krieges wurde eine Jaar-Lash-Gruppierung, die einem Ritterorden aus früherer Zeit nicht unähnlich war, entehrt und zu Ausgestoßenen erklärt. Ihre Niederlage in einer bedeutsamen Schlacht hatte zur Vernichtung eines ganzen Sonnensystems geführt.<nl><nl>Jetzt bemüht sich dieser Kult um Wiedergutmachung, indem er seinem Volk auf eigene Weise hilft: Er sucht nach der Saat und setzt sie ein, um Angriffe kosmischen Ausmaßes gegen den Heimatplaneten des Feindes der Jaar Lash zu entfesseln.	no
briefings.31 resonator	Der Psi-Resonator ist ein altes Gerät aus Esperanza, das Menschen und Mutanten gemeinsam erschufen. Sein ursprünglicher Zweck war es, mächtigen Spiritisten die Verbindung mit der Scherbe zu ermöglichen und ihre Entwicklung sowie die Ausbreitung der Plage einzudämmen. Dies gelang den Esperantianern auch, doch dann geschah ein Unglück. Was genau sie tun wollten, ist unklar, aber die Auswirkungen waren katastrophal. Ein gewaltiger Ausbruch der Plage vernichtete die Verteidigung der Stadt und machte sie dem Erdboden gleich.<nl><nl>Der Psi-Resonator wurde betrieben von einer meisterhaften Verbindung aus menschlicher Technologie und Mutanten-Magie. Er vermochte es, jahrhundertelang still und leise weiterzuarbeiten und die Scherbe zu bändigen. So wurden die Jaar Lash an der Durchführung des Akzelerationsrituals gehindert.	no
briefings.31 sacrifice	„Vorsicht! Ich spüre, dass sich viele Feinde nähern“, schrie Eji. Dann brach urplötzlich das Chaos aus. Alien-Soldaten tauchten überall auf und spien brennendes Plasma. Ein riesiger Alien-Anführer erhob sich aus den Schatten, schleuderte Denkar mit einem mächtigen Hieb beiseite und holte zum Todesstoß aus.<nl><nl>Für einen Augenblick schien das Ende gekommen. In den Wirren wanderte Ejis Blick zu Ganthu. Ihr Mentor kauerte auf seinen Knien, seine Handflächen an die Schläfen gepresst. Er stand offensichtlich unter großer Anspannung. Dann sackte sein Körper leblos zusammen. Gleichzeitig wandte sich das große Alien Eji zu, und sie vernahm Ganthus Stimme in ihrem Kopf: „Alles in Ordnung, ich habe ihn. Seine Soldaten werden dich nicht angreifen. Doch ich fürchte, ich habe mich selbst verloren.“	no
briefings.31 seeds	Ganthu erfuhr von Tharksh, dass die Saat aus den Fragmenten einer lebendigen Welt besteht. Sie durchqueren den Weltraum auf der Suche nach geeigneten Planeten, von denen sie zehren und sie sich nach ihrem eigenen Vorbild formen können. Die ausgewachsenen Organismen spalten sich schließlich in neue Saatstücke auf.<nl><nl>Durch eine rituelle Prozedur namens „Akzeleration“ wird die gesamte Energie der Saat auf ein ausgewähltes Ziel konzentriert und so eine Schockwelle gebildet, die zur völligen Vernichtung eines Planeten führen kann. Bei diesem Vorgang wird jedoch auch der Wirtsplanet der Saat verwüstet oder gar zerstört.<nl><nl>Als sie die Saat auf der Erde fanden, versuchten die Jaar Lash umgehend, das Ritual auszuführen, wurden jedoch von einer mysteriösen Macht daran gehindert. Ein weiteres Hindernis bedeutete das Vorhandensein intelligenten Lebens: Auf Planeten, die so lange von der Saat befallen waren, trat dies nur äußerst selten auf.	no
briefings.31 tharksh	Meister Tharksh ist ein einflussreiches Mitglied des Kultes und schuldet nur dem Erzmeister selbst Rechenschaft. Als einer von mehreren Meistern, die dafür verantwortlich sind, den Psi-Resonator zu sichern und zu zerstören, ist er seinem Ziel sehr nahe gekommen.<nl><nl>Der Geist des Hohepriesters Ganthu hat Tharkshs Körper unter Kontrolle, doch seine Macht über ihn kann nicht von Dauer sein. Nichtsdestotrotz befehligt Ganthu Tharkshs Kämpfer, und er wird sie einsetzen, um Denkar zu helfen.	no
briefings.31	Als die Gruppe das alte Gerät erreichte, wurde sie von Aliens umzingelt. Gerade wollte ihr Anführer Denkar den Todesstoß versetzen, als Ganthu seinen eigenen Körper opferte, um vom Geist des Aliens Besitz zu ergreifen.<nl><nl>Ganthu las die Gedanken des Aliens und offenbarte seine Herkunft und Absichten. Die Aliens wollten die Scherbe als Waffe gegen einen mächtigen Feind einsetzen. Doch dabei würde der Wirtsplanet zugrunde gehen. Das Gerät aus Esperanza verhinderte ihr Vorhaben.<nl><nl>Der Weg zurück ist von Jaar Lash versperrt und Ganthus erlahmender Geist steckt in Meister Tharkshs Körper. Die einzige Chance scheint es, das Artefakt auf Tharkshs Schiff zu bringen und zur Scherbe zu fliegen, um die Jaar Lash an der Durchführung des Rituals zu hindern.	yes
briefings.32 aa	Der Kult hatte in dieser Gegend eine Flugabwehrstellung eingerichtet, die in der Lage war, jegliche Flugsteuerung aus großer Entfernung zu deaktivieren. Überrascht und mit verlangsamtem Reaktionsvermögen durch Ganthus Kontrolle konnte Tharksh das Schiff nur mit Mühe notlanden. Der Gruppe fehlt es an Ersatzteilen, um das Schiff wieder flugtauglich zu machen.<nl><nl>Und natürlich haben die Jaar Lash umgehend Patrouillen zur Absturzstelle entsandt.	no
briefings.32	Unter Ganthus Kontrolle hatte Tharksh sein Schiff zur Scherbe gesteuert, doch eine Flugabwehrstellung der Jaar Lash spürte es über Ostsibirien auf und setzte es außer Gefecht. Sofort tauchten Soldaten des Kults vor Ort auf.<nl><nl>Denkar, Eji und Ganthu, der noch immer die Kontrolle über Tharksh hat, müssen sich mit Tharkshs Truppen verteidigen und einen anderen Weg finden, mit dem Psi-Resonator zur Scherbe zu gelangen.	yes
briefings.33 help	Als sich Denkar mit Aurora in Verbindung setzte, entschied der Rat, dass es der gefährdeten Tarnung zum Trotz besser sei, die Operation so unauffällig wie irgend möglich weiterzuführen. Eine große Schutztruppe um den Psi-Resonator würde ihn nur den Jaar Lash offenbaren. Vollstreckerin Kuna ni’Dahl, jüngst zum Commander ernannt, begab sich unverzüglich mit wenigen Aurora-Einheiten und Arna ni’Varra zu Denkar.	no
briefings.33	Als die Umgebung von Tharkshs Schiff gesichert war, erreichte Denkar endlich Aurora und erstattete Bericht. Kuna ni’Dahl war sofort bereit, ihm zu helfen, und Arna brach mit ihr auf.<nl><nl>Da sie von der Flugabwehrstellung der Jaar Lash wusste, flog Kuna sehr tief und gelangte so in die Nähe des Alien-Stützpunkts. Als die Steuerung des Schiffs versagte, reagierte sie schnell und konnte es unbeschadet landen.<nl><nl>Kunas Suchtrupp muss nun die Alien-Stellung außer Gefecht setzen, damit der Luftraum dort wieder sicher ist.	yes
briefings.34 jurra	Jurra ist eine Menschenstadt in Nordsibirien.<nl><nl>Eine Jurra-Expedition hatte den Absturz des Alien-Schiffes aus sicherer Entfernung beobachtet. Im Rahmen ihrer Expeditionen hatten die Menschen von Jurra bereits Kontakt mit den Jaar Lash. Der Commander von Jurra war nicht dumm und schickte in der Hoffnung auf wertvolle Technologien und andere Schätze im Wrack Truppen aus, die die feindlichen Aliens eliminieren und die Gegend sichern sollten.<nl><nl>Unterdessen griffen auch die Mutanten dieser Region, die ohnehin genug von den Jurra-Expeditionen in ihrem Land hatten, zu den Waffen.	no
briefings.34	Die Menschen aus Jurra hatten die Bruchlandung von Tharkshs Schiff beobachtet und eine Expedition entsandt, um die Aliens zu beseitigen und das Schiff zu plündern. Den Mutantenstämmen der Gegend waren weder die Aliens noch die Jurra-Truppen willkommen.<nl><nl>Den Jurra-Truppen die Lage zu erläutern scheint unmöglich, und auch die Mutanten werden kaum zu überzeugen sein, dass dieser Jaar-Lash-Trupp die Retter der Erde beschützt. So scheint es, als müssten sich Denkar und Tharksh den Weg freikämpfen.	yes
briefings.35 hole	Der Höllenschlund ist das versengte, unwirtliche Ödland, in dem die Scherbe im späten 21. Jahrhundert auf der Erde landete und die Plage sich zu verbreiten begann.<nl><nl>Jetzt ist der Höllenschlund in der Hand des Kults. Zum Schutz ihrer Basen und der Scherbe selbst haben die Jaar Lash einen riesigen Kuppelschild um sie herum errichtet. Nur ihre Militäreinheiten können den Schild durchqueren, darum muss Ganthu/Tharksh auf eigene Faust weitergehen und einen Weg finden, seine Gefährten einzuschleusen.	no
briefings.35	Ursprünglich wollten sie den Psi-Resonator vernichten. Doch dann hatten die Jaar Lash festgestellt, dass er eine wertvolle Hilfe bei ihrem Vorhaben sein könnte. Daher erschien sein Verlust wie ein Todesstoß.<nl><nl>Doch Denkar weigerte sich, aufzugeben. Eji wollte nicht, dass Ganthus Opfer vergebens gewesen sein sollte. So waren sie entschlossener denn je, als sie auf den Suchtrupp stießen.<nl><nl>Sie setzten ihren Flug fort und gelangten schließlich zum Höllenschlund. Kuna tat ihr Bestes, um das Schiff der Scherbe anzunähern. Ein Hindernis bleibt: der Schild, mit dem die Jaar Lash das Zentrum der Plage umgeben haben.	yes
briefings.36 acceleration	Der Psi-Resonator wurde unweit der Scherbe aufgestellt, und der Jaar-Lash-Spiritist befindet sich vor Ort, um das Akzelerationsritual zu vollenden. Die Gegenwart des alten Gerätes ermöglicht es ihm, einen noch verheerenderen Angriff auszuüben, der sowohl den Zielplaneten als auch die Erde mit Gewissheit vernichtet würde.<nl><nl>Eji muss ihre telepathische Verbindung mit dem Psi-Resonator einsetzen, um dem Willen des Alien-Spiritisten entgegenzuwirken und zu erreichen, dass die Scherbe nicht erweckt, sondern deaktiviert wird. Die Jaar-Lash-Truppen werden alles tun, um sie zu eliminieren, deshalb braucht sie allen Schutz, den man ihr bieten kann.	no
briefings.36	Fels um Fels, Abgrund um Abgrund, schleichend und laufend, erreichte der Trupp der Erlöserin den Psi-Resonator.<nl><nl>Nun liegt das Schicksal der Erde in den Händen einer zierlichen Mutantin. Der Jaar-Lash-Spiritist ist vor Ort, um die Akzeleration zu vollenden. Denkar, Arna, Kuna und Tharksh müssen an ihre Grenzen und womöglich darüber hinaus gehen, um Eji nah genug an den Psi-Resonator zu bringen und sie zu beschützen, während sie telepathisch gegen zwei außerirdische Geister kämpft: den Jaar Lash und die Scherbe.	yes
